,0
gyrA_T86I=POINT,0.72241557
gyrA_S81L=POINT,0.5764658
gyrA_D87Y=POINT,0.51716554
parC_S80I=POINT,0.50994647
collection_year,0.4893257
gyrA_S83L=POINT,0.4478605
mdsA=COMPLETE,0.42624035
host_Homo_sapiens,0.33801743
gyrA_S91F=POINT,0.33324373
gyrA_D87N=POINT,0.28549784
acrF=COMPLETE,0.27182475
qnrS1=COMPLETE,0.24588248
mdsB=COMPLETE,0.228865
Location_USA,0.22409195
emrD=COMPLETE,0.2059065
gyrA_T83I=POINT,0.20250274
qnrB19=COMPLETE,0.19483718
Location_Mexico,0.16606608
sul1=COMPLETE,0.16014595
host_NA,0.15120043
Location_Canada,0.1496296
fosA=COMPLETE,0.14120798
gyrA_S83I=POINT,0.12284176
blaTEM-1=COMPLETE,0.10554032
oqxB=COMPLETE,0.10097758
aadA1=COMPLETE,0.095167615
isolation_source_urine,0.0944857
gyrA_S83F=POINT,0.092719436
qnrB1=COMPLETE,0.084254056
cxpE=COMPLETE,0.07741086
blaEC=COMPLETE,0.07367022
blaCTX-M-15=COMPLETE,0.07250535
mexA=COMPLETE,0.070188336
rplV_A103V=POINT,0.068121426
aac(6')-Ib-cr5=COMPLETE,0.066650815
mdtM=COMPLETE,0.06590173
isolation_source_blood,0.0658271
aph(3')-Ia=COMPLETE,0.06573054
aac(3)-IIe=COMPLETE,0.063226424
mph(A)=COMPLETE,0.05950361
isolation_source_Poultry,0.055381555
tet(A)=COMPLETE,0.05518351
host_Chicken__NCBITaxon:9031_,0.053620856
floR=COMPLETE,0.05059065
isolation_source_ground_turkey,0.049572103
gyrA_S83Y=POINT,0.04930359
parC_E84V=POINT,0.047868118
blaCMY-2=COMPLETE,0.042020798
ptsI_V25I=POINT,0.041736156
tet(38)=COMPLETE,0.040938713
